{
    "class_name": "Sequential",
    "config": {
        "name": "DCNN",
        "layers": [
            {
                "class_name": "InputLayer",
                "config": {
                    "batch_input_shape": [
                        null,
                        48,
                        48,
                        1
                    ],
                    "dtype": "float32",
                    "sparse": false,
                    "ragged": false,
                    "name": "conv2d_1_input"
                }
            },
            {
                "class_name": "Conv2D",
                "config": {
                    "name": "conv2d_1",
                    "trainable": true,
                    "batch_input_shape": [
                        null,
                        48,
                        48,
                        1
                    ],
                    "dtype": "float32",
                    "filters": 64,
                    "kernel_size": [
                        5,
                        5
                    ],
                    "strides": [
                        1,
                        1
                    ],
                    "padding": "same",
                    "data_format": "channels_last",
                    "dilation_rate": [
                        1,
                        1
                    ],
                    "groups": 1,
                    "activation": "elu",
                    "use_bias": true,
                    "kernel_initializer": {
                        "class_name": "HeNormal",
                        "config": {
                            "seed": null
                        }
                    },
                    "bias_initializer": {
                        "class_name": "Zeros",
                        "config": {}
                    },
                    "kernel_regularizer": null,
                    "bias_regularizer": null,
                    "activity_regularizer": null,
                    "kernel_constraint": null,
                    "bias_constraint": null
                }
            },
            {
                "class_name": "BatchNormalization",
                "config": {
                    "name": "batchnorm_1",
                    "trainable": true,
                    "dtype": "float32",
                    "axis": [
                        3
                    ],
                    "momentum": 0.99,
                    "epsilon": 0.001,
                    "center": true,
                    "scale": true,
                    "beta_initializer": {
                        "class_name": "Zeros",
                        "config": {}
                    },
                    "gamma_initializer": {
                        "class_name": "Ones",
                        "config": {}
                    },
                    "moving_mean_initializer": {
                        "class_name": "Zeros",
                        "config": {}
                    },
                    "moving_variance_initializer": {
                        "class_name": "Ones",
                        "config": {}
                    },
                    "beta_regularizer": null,
                    "gamma_regularizer": null,
                    "beta_constraint": null,
                    "gamma_constraint": null
                }
            },
            {
                "class_name": "Conv2D",
                "config": {
                    "name": "conv2d_2",
                    "trainable": true,
                    "dtype": "float32",
                    "filters": 64,
                    "kernel_size": [
                        5,
                        5
                    ],
                    "strides": [
                        1,
                        1
                    ],
                    "padding": "same",
                    "data_format": "channels_last",
                    "dilation_rate": [
                        1,
                        1
                    ],
                    "groups": 1,
                    "activation": "elu",
                    "use_bias": true,
                    "kernel_initializer": {
                        "class_name": "HeNormal",
                        "config": {
                            "seed": null
                        }
                    },
                    "bias_initializer": {
                        "class_name": "Zeros",
                        "config": {}
                    },
                    "kernel_regularizer": null,
                    "bias_regularizer": null,
                    "activity_regularizer": null,
                    "kernel_constraint": null,
                    "bias_constraint": null
                }
            },
            {
                "class_name": "BatchNormalization",
                "config": {
                    "name": "batchnorm_2",
                    "trainable": true,
                    "dtype": "float32",
                    "axis": [
                        3
                    ],
                    "momentum": 0.99,
                    "epsilon": 0.001,
                    "center": true,
                    "scale": true,
                    "beta_initializer": {
                        "class_name": "Zeros",
                        "config": {}
                    },
                    "gamma_initializer": {
                        "class_name": "Ones",
                        "config": {}
                    },
                    "moving_mean_initializer": {
                        "class_name": "Zeros",
                        "config": {}
                    },
                    "moving_variance_initializer": {
                        "class_name": "Ones",
                        "config": {}
                    },
                    "beta_regularizer": null,
                    "gamma_regularizer": null,
                    "beta_constraint": null,
                    "gamma_constraint": null
                }
            },
            {
                "class_name": "MaxPooling2D",
                "config": {
                    "name": "maxpool2d_1",
                    "trainable": true,
                    "dtype": "float32",
                    "pool_size": [
                        2,
                        2
                    ],
                    "padding": "valid",
                    "strides": [
                        2,
                        2
                    ],
                    "data_format": "channels_last"
                }
            },
            {
                "class_name": "Dropout",
                "config": {
                    "name": "dropout_1",
                    "trainable": true,
                    "dtype": "float32",
                    "rate": 0.4,
                    "noise_shape": null,
                    "seed": null
                }
            },
            {
                "class_name": "Conv2D",
                "config": {
                    "name": "conv2d_3",
                    "trainable": true,
                    "dtype": "float32",
                    "filters": 128,
                    "kernel_size": [
                        3,
                        3
                    ],
                    "strides": [
                        1,
                        1
                    ],
                    "padding": "same",
                    "data_format": "channels_last",
                    "dilation_rate": [
                        1,
                        1
                    ],
                    "groups": 1,
                    "activation": "elu",
                    "use_bias": true,
                    "kernel_initializer": {
                        "class_name": "HeNormal",
                        "config": {
                            "seed": null
                        }
                    },
                    "bias_initializer": {
                        "class_name": "Zeros",
                        "config": {}
                    },
                    "kernel_regularizer": null,
                    "bias_regularizer": null,
                    "activity_regularizer": null,
                    "kernel_constraint": null,
                    "bias_constraint": null
                }
            },
            {
                "class_name": "BatchNormalization",
                "config": {
                    "name": "batchnorm_3",
                    "trainable": true,
                    "dtype": "float32",
                    "axis": [
                        3
                    ],
                    "momentum": 0.99,
                    "epsilon": 0.001,
                    "center": true,
                    "scale": true,
                    "beta_initializer": {
                        "class_name": "Zeros",
                        "config": {}
                    },
                    "gamma_initializer": {
                        "class_name": "Ones",
                        "config": {}
                    },
                    "moving_mean_initializer": {
                        "class_name": "Zeros",
                        "config": {}
                    },
                    "moving_variance_initializer": {
                        "class_name": "Ones",
                        "config": {}
                    },
                    "beta_regularizer": null,
                    "gamma_regularizer": null,
                    "beta_constraint": null,
                    "gamma_constraint": null
                }
            },
            {
                "class_name": "Conv2D",
                "config": {
                    "name": "conv2d_4",
                    "trainable": true,
                    "dtype": "float32",
                    "filters": 128,
                    "kernel_size": [
                        3,
                        3
                    ],
                    "strides": [
                        1,
                        1
                    ],
                    "padding": "same",
                    "data_format": "channels_last",
                    "dilation_rate": [
                        1,
                        1
                    ],
                    "groups": 1,
                    "activation": "elu",
                    "use_bias": true,
                    "kernel_initializer": {
                        "class_name": "HeNormal",
                        "config": {
                            "seed": null
                        }
                    },
                    "bias_initializer": {
                        "class_name": "Zeros",
                        "config": {}
                    },
                    "kernel_regularizer": null,
                    "bias_regularizer": null,
                    "activity_regularizer": null,
                    "kernel_constraint": null,
                    "bias_constraint": null
                }
            },
            {
                "class_name": "BatchNormalization",
                "config": {
                    "name": "batchnorm_4",
                    "trainable": true,
                    "dtype": "float32",
                    "axis": [
                        3
                    ],
                    "momentum": 0.99,
                    "epsilon": 0.001,
                    "center": true,
                    "scale": true,
                    "beta_initializer": {
                        "class_name": "Zeros",
                        "config": {}
                    },
                    "gamma_initializer": {
                        "class_name": "Ones",
                        "config": {}
                    },
                    "moving_mean_initializer": {
                        "class_name": "Zeros",
                        "config": {}
                    },
                    "moving_variance_initializer": {
                        "class_name": "Ones",
                        "config": {}
                    },
                    "beta_regularizer": null,
                    "gamma_regularizer": null,
                    "beta_constraint": null,
                    "gamma_constraint": null
                }
            },
            {
                "class_name": "MaxPooling2D",
                "config": {
                    "name": "maxpool2d_2",
                    "trainable": true,
                    "dtype": "float32",
                    "pool_size": [
                        2,
                        2
                    ],
                    "padding": "valid",
                    "strides": [
                        2,
                        2
                    ],
                    "data_format": "channels_last"
                }
            },
            {
                "class_name": "Dropout",
                "config": {
                    "name": "dropout_2",
                    "trainable": true,
                    "dtype": "float32",
                    "rate": 0.4,
                    "noise_shape": null,
                    "seed": null
                }
            },
            {
                "class_name": "Conv2D",
                "config": {
                    "name": "conv2d_5",
                    "trainable": true,
                    "dtype": "float32",
                    "filters": 256,
                    "kernel_size": [
                        3,
                        3
                    ],
                    "strides": [
                        1,
                        1
                    ],
                    "padding": "same",
                    "data_format": "channels_last",
                    "dilation_rate": [
                        1,
                        1
                    ],
                    "groups": 1,
                    "activation": "elu",
                    "use_bias": true,
                    "kernel_initializer": {
                        "class_name": "HeNormal",
                        "config": {
                            "seed": null
                        }
                    },
                    "bias_initializer": {
                        "class_name": "Zeros",
                        "config": {}
                    },
                    "kernel_regularizer": null,
                    "bias_regularizer": null,
                    "activity_regularizer": null,
                    "kernel_constraint": null,
                    "bias_constraint": null
                }
            },
            {
                "class_name": "BatchNormalization",
                "config": {
                    "name": "batchnorm_5",
                    "trainable": true,
                    "dtype": "float32",
                    "axis": [
                        3
                    ],
                    "momentum": 0.99,
                    "epsilon": 0.001,
                    "center": true,
                    "scale": true,
                    "beta_initializer": {
                        "class_name": "Zeros",
                        "config": {}
                    },
                    "gamma_initializer": {
                        "class_name": "Ones",
                        "config": {}
                    },
                    "moving_mean_initializer": {
                        "class_name": "Zeros",
                        "config": {}
                    },
                    "moving_variance_initializer": {
                        "class_name": "Ones",
                        "config": {}
                    },
                    "beta_regularizer": null,
                    "gamma_regularizer": null,
                    "beta_constraint": null,
                    "gamma_constraint": null
                }
            },
            {
                "class_name": "Conv2D",
                "config": {
                    "name": "conv2d_6",
                    "trainable": true,
                    "dtype": "float32",
                    "filters": 256,
                    "kernel_size": [
                        3,
                        3
                    ],
                    "strides": [
                        1,
                        1
                    ],
                    "padding": "same",
                    "data_format": "channels_last",
                    "dilation_rate": [
                        1,
                        1
                    ],
                    "groups": 1,
                    "activation": "elu",
                    "use_bias": true,
                    "kernel_initializer": {
                        "class_name": "HeNormal",
                        "config": {
                            "seed": null
                        }
                    },
                    "bias_initializer": {
                        "class_name": "Zeros",
                        "config": {}
                    },
                    "kernel_regularizer": null,
                    "bias_regularizer": null,
                    "activity_regularizer": null,
                    "kernel_constraint": null,
                    "bias_constraint": null
                }
            },
            {
                "class_name": "BatchNormalization",
                "config": {
                    "name": "batchnorm_6",
                    "trainable": true,
                    "dtype": "float32",
                    "axis": [
                        3
                    ],
                    "momentum": 0.99,
                    "epsilon": 0.001,
                    "center": true,
                    "scale": true,
                    "beta_initializer": {
                        "class_name": "Zeros",
                        "config": {}
                    },
                    "gamma_initializer": {
                        "class_name": "Ones",
                        "config": {}
                    },
                    "moving_mean_initializer": {
                        "class_name": "Zeros",
                        "config": {}
                    },
                    "moving_variance_initializer": {
                        "class_name": "Ones",
                        "config": {}
                    },
                    "beta_regularizer": null,
                    "gamma_regularizer": null,
                    "beta_constraint": null,
                    "gamma_constraint": null
                }
            },
            {
                "class_name": "MaxPooling2D",
                "config": {
                    "name": "maxpool2d_3",
                    "trainable": true,
                    "dtype": "float32",
                    "pool_size": [
                        2,
                        2
                    ],
                    "padding": "valid",
                    "strides": [
                        2,
                        2
                    ],
                    "data_format": "channels_last"
                }
            },
            {
                "class_name": "Dropout",
                "config": {
                    "name": "dropout_3",
                    "trainable": true,
                    "dtype": "float32",
                    "rate": 0.5,
                    "noise_shape": null,
                    "seed": null
                }
            },
            {
                "class_name": "Flatten",
                "config": {
                    "name": "flatten",
                    "trainable": true,
                    "dtype": "float32",
                    "data_format": "channels_last"
                }
            },
            {
                "class_name": "Dense",
                "config": {
                    "name": "dense_1",
                    "trainable": true,
                    "dtype": "float32",
                    "units": 128,
                    "activation": "elu",
                    "use_bias": true,
                    "kernel_initializer": {
                        "class_name": "HeNormal",
                        "config": {
                            "seed": null
                        }
                    },
                    "bias_initializer": {
                        "class_name": "Zeros",
                        "config": {}
                    },
                    "kernel_regularizer": null,
                    "bias_regularizer": null,
                    "activity_regularizer": null,
                    "kernel_constraint": null,
                    "bias_constraint": null
                }
            },
            {
                "class_name": "BatchNormalization",
                "config": {
                    "name": "batchnorm_7",
                    "trainable": true,
                    "dtype": "float32",
                    "axis": [
                        1
                    ],
                    "momentum": 0.99,
                    "epsilon": 0.001,
                    "center": true,
                    "scale": true,
                    "beta_initializer": {
                        "class_name": "Zeros",
                        "config": {}
                    },
                    "gamma_initializer": {
                        "class_name": "Ones",
                        "config": {}
                    },
                    "moving_mean_initializer": {
                        "class_name": "Zeros",
                        "config": {}
                    },
                    "moving_variance_initializer": {
                        "class_name": "Ones",
                        "config": {}
                    },
                    "beta_regularizer": null,
                    "gamma_regularizer": null,
                    "beta_constraint": null,
                    "gamma_constraint": null
                }
            },
            {
                "class_name": "Dropout",
                "config": {
                    "name": "dropout_4",
                    "trainable": true,
                    "dtype": "float32",
                    "rate": 0.6,
                    "noise_shape": null,
                    "seed": null
                }
            },
            {
                "class_name": "Dense",
                "config": {
                    "name": "out_layer",
                    "trainable": true,
                    "dtype": "float32",
                    "units": 3,
                    "activation": "softmax",
                    "use_bias": true,
                    "kernel_initializer": {
                        "class_name": "GlorotUniform",
                        "config": {
                            "seed": null
                        }
                    },
                    "bias_initializer": {
                        "class_name": "Zeros",
                        "config": {}
                    },
                    "kernel_regularizer": null,
                    "bias_regularizer": null,
                    "activity_regularizer": null,
                    "kernel_constraint": null,
                    "bias_constraint": null
                }
            }
        ]
    },
    "keras_version": "2.9.0",
    "backend": "tensorflow"
}